Designators,Quantity,Manufacturer,MPN,Description,Required Qty,Notes
"C1, C2, C33, C34, C35, C39, C43, C44",8,,GCM188R72A103KA37J,Ceramic Capacitor for Automotive 10nF ±10% 100VDC X7R 0603 Paper T/R,40,missing manufacturer
"C1, C3, C4, C28, C29, C36, C38, C40, C41",10,,C1608X7R1H104K080AA,Multilayer Ceramic Capacitors 100nF ±10% 50V X7R SMD 0603,50,qty mismatch: declared 10 vs 9 designators; missing manufacturer
"C5, C6, C7, C8, C9, C10, C11, C12, C13, C14",10,,12103D226KAT2A,22uF 25V 1210 RoHS Multilayer Ceramic Capacitors MLCC - SMD/SMT,50,missing manufacturer
"C15, C16, C17, C18",4,,C2220C476M3R2CAUTO,"Stacked Multilayer Ceramic Capacitor, 47 uF, 25 V, ± 20%, X7R, 2220 [5650 Metric], 5 mm Stack Height",20,missing manufacturer
"C19, C20",2,,GRM188R6YA106MA73J,"Cap, 10Uf, 35V, Mlcc, 0603 Rohs Compliant: Yes",10,missing manufacturer
"C21, C23",2,,C1206C104KARACTU,CAP CER 0.1UF 250V X7R 1206,10,missing manufacturer
C22,1,,C0603C100K5HACAUTO,C0603 10 pF X8R 30ppm/°C 10.00% 50 V,5,missing manufacturer
"C24, C26",2,,06035C102KAT2A,"General Purpose Ceramic Capacitor, 0603, 1nF, 10%, X7R, 15%, 50V",10,missing manufacturer
C25,1,,C0603C101F3GACTU,CAP CER 100PF 25V NP0 0603,5,missing manufacturer
C27,1,,C0402C102K5RACTU,"Ceramic Capacitor, Ceramic, 50V, 10% +Tol, 10% -Tol, X7R, 15% TC, 0.001uF, Surface Mount, 0402",5,missing manufacturer
C30,1,,C1608X5R1E475K080AC,Multilayer Ceramic Capacitors 4.7µF ±10% 25V X5R SMD 0603,5,missing manufacturer
C32,1,,C0603C472J5RACTU,C0603C 4.7nF Ceramic Multilayer Capacitor; 50 VDC; +125degC; X7R Dielec; +/-5%,5,missing manufacturer
C37,1,,06035C105KAT2A,Capacitor,5,missing manufacturer
C42,1,,C0805C333K2RECAUTO,C0805C333K2RECAUTO ESD SMD Auto X7R 0805 (2012Metric) Ceramic Capacitor 0.079Lx0.049W 2.00mmx1.25mm X7R ±10% 0.033muF,5,missing manufacturer
"C45, C47, C50, C53, C55, C75, C78, C80, C82, C84, C85, C89, C91",13,,C1608X7R1H104K080AA,"Ceramic Capacitor, Multilayer, Ceramic, 50V, 10% -Tol, X7R, 15% Tc, 0.1Uf, Surface Mount, 0603",65,missing manufacturer
"C46, C61, C72, C76, C79, C81, C83, C86, C87, C90",10,,C2012X7R2E103K125AA,C Series 0805 10 nF 250 V ±10 % Tolerance X7R SMT Multilayer Ceramic Capacitor,50,missing manufacturer
C48,1,,EEE-TG1H470UP,Cap Aluminum 47uF 50V 20% (8 X 10.2mm) SMD 0.75 Ohm 133mA 2000h 125 C T/R,5,missing manufacturer
C49,1,,CL32B475KCVZW6E,"Ceramic Capacitor, Multilayer, Ceramic, 100V, 10% +Tol, 10% -Tol, X7R, 15% TC, 4.7uF, Surface Mount, 1210",5,missing manufacturer
C51,1,,CC0603JRNPO0BN151,"150 pF ±5% 100V Ceramic Capacitor C0G, NP0 0603 (1608 Metric)",5,missing manufacturer
C52,1,,12103D226KAT2A,25V 22uF X5R ±10% 1210 Multilayer Ceramic Capacitors MLCC - SMD/SMT ROHS,5,missing manufacturer
C54,1,,GRM188R71A225KE15D,10V 2.2uF X7R ±10% 0603 Multilayer Ceramic Capacitors MLCC - SMD/SMT ROHS,5,missing manufacturer
C56,1,,C0603C682K5RACTU,"6800 pF ±1% 50V Ceramic Capacitor C0G, NP0 0603 (1608 Metric)",5,missing manufacturer
C58,1,,06031A101KAT2A,"General Purpose Ceramic Capacitor, 0603, 100pF, 10%, NP0, 30ppm/°C, 100V",5,missing manufacturer
"C59, C73",2,,EVA86QR7TF471KD01K,Multilayer Ceramic Capacitors MLCC - SMD/SMT 8x6mm 1500VDC 470pF 10% X7R AEC-Q200,10,missing manufacturer
C60,1,,EDH476M200A9TAA,CAP ALUM 47UF 20% 200V SMD,5,missing manufacturer
"C62, C63, C64, C65, C66, C67, C68, C69, C70, C71",10,,2220VC225KAT2A,"Ceramic Capacitor, Multilayer, Ceramic, 250V, 10% +Tol, 10% -Tol, X7R, 15% TC, 2.2uF, Surface Mount, 2220",50,missing manufacturer
"C74, C77, C88",3,,CGA4J1X7R1V475K125AC,Cap Ceramic 4.7uF 35V X7R 10% Pad SMD 0805 +125°C Automotive T/R,15,missing manufacturer
"D1, D2, D3, D4, D5, D6, D8",7,,VLMS1300-GS08,LED RED 0603 SMD,35,missing manufacturer
D7,1,,SZP6SMB15CAT3G,TVS Diode (Bi-directional),5,missing manufacturer
D9,1,,SMCJ130CA,7.2A 209V 1.5kW 144V Bidirectional 130V DO-214AB(SMC) ESD and Surge Protection (TVS/ESD) ROHS,5,missing manufacturer
D10,1,,SMBJ3V3-E3/5B,"Trans Voltage Suppressor Diode, 600W, 3.3V V(RWM), Unidirectional, 1 Element, Silicon, DO-214AA",5,missing manufacturer
HS1,1,,960-19-18-F-AB-0,Heatsink 19mm x 19mm,5,missing manufacturer
J1,1,,216571-1023,"Rectangular Power Connector, 3 Contact(s), Male, Solder Terminal",5,missing manufacturer
J2,1,,216571-1003,Connector Power Header 3Position 3mm PC Pin Straight Through Hole 3 Terminal 1 Port Tray,5,missing manufacturer
J3,1,,73251-1350,"RF SMA Connector, 1 Contact(s), Female, Board Mount, Surface Mount Terminal, Locking, Jack",5,missing manufacturer
"JP2, JP3",2,,5102,MICRO-MINI 6.9MM SMT JMPR,10,missing manufacturer
"L1, L2",2,,MA5173-AE,Power Inductor - Leaded 7uH Unshield 1% 6.5A 21.5mOhms,10,missing manufacturer
L3,1,,XGL5050-153MEC,"General Purpose Inductor, 15uH, 20%, 1 Element, Composite-Core, SMD, 2221",5,missing manufacturer
L4,1,,CG3885-ALD,"Common Mode Choke, toroid, power line, ferrite core, SMT, RoHS",5,missing manufacturer
"Q1, Q2, Q3",3,,BSC520N15NS3GATMA1,MOSFET N-CH 150V 21A TDSON-8-5,15,missing manufacturer
"R1, R3",2,,ERJ-3EKF2200V,Resistor Thick Film 0603 220 Ohm 1% 1/10W 100ppm/C Molded SMD Punched Carrier T/R,10,missing manufacturer
R2,1,,ERJ-3EKF1000V,RES SMD 100 OHM 1% 1/10W 0603,5,missing manufacturer
R4,1,,ERJ-3EKF4021V,Res Thick Film 0603 4.02K Ohm 1% 0.1W(1/10W) +/-100ppm/ßC SMD Automotive T/R,5,missing manufacturer
"R5, R6",2,,PRL1632-R006-F-T1,"6 mOhms ±1% 1W Chip Resistor Wide 0612 (1632 Metric), Current Sense Thin Film",10,missing manufacturer
"R7, R8, R47, R59, R60, R66, R80",7,,CR0603-J/-000ELF,"Zero Ohm Resistor, Jumper, 0603 [1608 Metric], Thick Film, 100 mW, 1 A, Surface Mount",35,missing manufacturer
R9,1,,RK73H1JTTD49R9F,49.9 Ohm 1% 0.125W(1/8W) ±100ppm/C Pad SMD Automotive T/R Res Thick Film 0603,5,missing manufacturer
"R10, R12, R18, R20, R25, R26, R27, R31, R34, R35, R36, R37, R38, R40, R41, R43, R44, R46",18,,CR0603-J/-000ELF,Thick Film Chip Resistors 0603 0O 0.1W 5%,90,missing manufacturer
"R11, R16, R17, R28, R39, R42",6,,ERJ3EKF1003V,ERJ-3EKF1003V,30,missing manufacturer
"R13, R22, R23",3,,ERJ-3EKF7151V,"7.15 kOhm, ± 1%, 100 mW, 0603 [1608 Metric], SMD Chip Resistor, Thick Film, Precision",15,missing manufacturer
R14,1,,ERJ-3EKF4220V,Res Thick Film 0603 422 Ohm 1% 1/10W ±100ppm/°C Molded SMD Punched Carrier T/R,5,missing manufacturer
"R15, R69",2,,ERJ-3EKF7870V,Res Thick Film 0603 787 Ohm 1% 1/10W ±100ppm/°C Molded SMD Punched Carrier T/R,10,missing manufacturer
"R19, R30",2,,AT0603FRE0730K1L,Thin Film Chip Resistors Automotive Grade 30.1kO 1% 50ppm/°C 0603,10,missing manufacturer
R21,1,,CRGP0603F10K,Res Thick Film 0603 10K Ohm 1% 0.25W(1/4W) ±100ppm/C Pad SMD T/R Automotive AEC-Q200,5,missing manufacturer
R24,1,,RC1210FR-072R2L,Res Thick Film 1210 2.2 Ohm 1% 0.5W(1/2W) ±200ppm/C Pad SMD T/R,5,missing manufacturer
R29,1,,CRCW060380K6FKEA,CRCW060380K6FKEA,5,missing manufacturer
R32,1,,CRCW060310M0JNEA,"RES Thick Film, 10MO, 5%, 0.1W, 200ppm/°C, 0603",5,missing manufacturer
R33,1,,CRCW06032R20JNEA,"RES Thick Film, 2.2O, 5%, 0.1W, 200ppm/°C, 0603",5,missing manufacturer
R45,1,,CRCW060349K9FKEA,"RES Thick Film, 49.9kO, 1%, 0.1W, 100ppm/°C, 0603",5,missing manufacturer
"R48, R49, R50, R51, R52, R53, R54, R55, R56, R57, R58, R63, R81, R82, R83, R85",16,,CRGP0603F10K,"10 kOhms ±1% 0.25W, 1/4W Chip Resistor 0603 (1608 Metric) Automotive AEC-Q200, Pulse Withstanding Thick Film",80,missing manufacturer
R61,1,,ERJU03F2003V,"Resistor, thick film, SMD 0603 (1608), 200 k?, 0.1 W, ±1 %, ERJU03F2003V",5,missing manufacturer
R62,1,,ERJ-UP3F2742V,"Fixed Resistor, Metal Glaze/thick Film, 0.25W, 27400ohm, 150V, 1% +/-Tol, 100ppm/Cel, Surface Mount, 0603",5,missing manufacturer
R64,1,,ERJ-3EKF47R0V,"47 Ohms ±1% 0.1W, 1/10W Chip Resistor 0603 (1608 Metric) Automotive AEC-Q200 Thick Film",5,missing manufacturer
"R67, R68, R70, R71, R74",5,,ERJ-3GEYJ153V,ERJ-3GEYJ153V,25,missing manufacturer
"R72, R73",2,,CRGCQ1206J100R,CRGCQ1206 100O 0.25W 5% ±200ppm/°C 200V,10,missing manufacturer
R75,1,,RC0603JR-071KL,"Chip Resistor, 1 KOhm, +/- 5%, 0.063 W, -55 to 155 degC, 0603 (1608 Metric), RoHS, Tape and Reel",5,missing manufacturer
"R78, R79",2,,HRG3216P-1000-B-T1,HRG Series 1206 100 Ohm ±0.1% 1 W ±25 ppm/°C High Power Thin Film Chip Resistor,10,missing manufacturer
R84,1,,ERA-3AEB363V,Res Thin Film 0603 36K Ohm 0.1% 0.1W ±25ppm/°C Molded SMD Punched Carrier T/R,5,missing manufacturer
"TP1, TP2",2,,5000,"Cable Wrap, 1/2 Inch, Polyethylene, Natural, 50 Ft, Spirap Series | TE Connectivity 500002-1",10,missing manufacturer
"TP3, TP4",2,,5001,"Test Point, Mini, Thm, Pc, .300 L, .100 Od, Heat Resistant Nylon 46, Black",10,missing manufacturer
U1,1,,TPS1HB08BQPWPRQ1,Power Switch Single-Channel Smart High-Side 40V 8mOhm 16-Pin HTSSOP T/R,5,missing manufacturer
U3,1,,ADPL13602BATE+,Conv DC-DC 3.5V to 36V Synchronous Step Down Single-Out 1V to 32.4V 2.4A 16-Pin TQFN EP,5,missing manufacturer
"U5, U6",2,,INA228AQDGSRQ1,"85V, 20-bit I²C-output E3-driver-capable current, voltage, power, energy, charge monitor with alert 10-VSSOP -40 to 125",10,missing manufacturer
U6,1,,LTC3895EFE#PBF,DC/DC Cntrlr Single-OUT Step Down 900kHz Automotive 31-Pin TSSOP EP Tube,5,missing manufacturer
U7,1,,ISO1540QDRQ1,"Automotive, 2.5-kVrms, isolated bidirectional clock, bidirectional I2C isolator 8-SOIC -40 to 125",5,missing manufacturer
U8,1,,ISO7721FDR,"Robust EMC, dual-channel, 1/1, reinforced digital isolator 8-SOIC -55 to 125",5,missing manufacturer
U9,1,,NXJ2S0505MC-R7,Module DC-DC 5VIN 1-OUT 5V 0.4A 2W 8-Pin SMD Module T/R,5,missing manufacturer
U10,1,,TQL850CSV33 RLG,"Fixed Positive LDO Regulator, 3.3V, 0.425V Dropout, PDSO8",5,missing manufacturer
X1,1,,RL3720WT-R005-F,5 mOhms 1% 0-350 PPM RL Series 0815 1 W High Power Metal Film Chip Resistor,5,missing manufacturer
